<?xml version="1.0" encoding="utf-8"?>
<modification>
    <name>Show / Display Sub Category</name>
    <code>displaysubcategory</code>
    <version>1.0</version>
    <author>Azat Zinnurov</author>
    <link>http://uwebacademy.ru</link>
    <file path="catalog/controller/extension/module/category.php">
        <operation error="abort">
            <search><![CDATA[
                if ($category['category_id'] == $data['category_id']) {
            ]]></search>
            <add position="replace"><![CDATA[
                // if ($category['category_id'] == $data['category_id']) {
            ]]></add>
        </operation>
        <operation error="abort">
            <search index="7"><![CDATA[
                }
            ]]></search>
            <add position="replace" trim="true"><![CDATA[
                //}
            ]]></add>
        </operation>
    </file>
    <file path="catalog/view/theme/default/template/extension/module/category.twig">
        <operation error="abort">
            <search><![CDATA[
               {% else %} <a href="{{ category.href }}" class="list-group-item">{{ category.name }}</a>
            ]]></search>
            <add position="replace" trim="true" ofset="1"><![CDATA[
                {% else %}
                 <a href="{{ category.href }}" class="list-group-item">{{ category.name }}</a>
                 {% if category.children %}
                  {% for child in category.children %}
                    <a href="{{ child.href }}" class="list-group-item">&nbsp;&nbsp;&nbsp;- {{ child.name }}</a>
                  {% endfor %}
                 {% endif %}
            ]]></add>
        </operation>
    </file>
</modification>